i,j,hamming,cross_case,cross_label,both_in_frozen,cross_frozen_partition
0,35,8,True,False,True,True
0,46,10,True,False,True,True
0,55,10,True,False,True,False
0,75,10,True,True,True,False
0,83,10,True,True,True,True
0,315,10,True,False,True,True
0,348,10,True,True,True,True
1,221,10,True,False,True,True
2,36,8,True,False,True,False
2,98,10,True,True,True,True
2,107,10,True,False,True,True
2,119,8,True,False,True,True
2,139,10,True,False,True,True
2,179,10,True,False,True,True
2,211,10,True,False,True,False
2,255,10,True,True,True,True
2,257,10,True,True,True,False
2,338,10,True,True,True,True
2,385,10,True,False,True,False
5,29,10,True,False,False,False
5,88,10,True,False,True,False
5,112,10,True,False,True,False
5,123,10,True,True,False,False
5,143,10,True,True,False,False
5,211,8,True,False,True,False
5,237,10,True,False,True,False
5,242,10,True,False,False,False
5,263,10,True,False,True,False
5,304,10,True,False,True,True
6,355,10,True,False,True,True
9,127,8,True,True,True,True
10,21,10,True,False,True,False
10,46,10,True,False,True,False
10,68,10,True,False,True,False
10,99,10,True,False,True,False
11,46,10,True,False,True,False
11,49,10,True,False,True,False
11,62,10,True,True,True,False
11,99,8,True,False,True,False
11,165,10,True,False,True,True
11,171,10,True,False,True,False
11,266,10,True,False,True,False
11,285,8,True,False,True,False
11,348,10,True,True,True,False
11,382,8,True,False,True,False
12,15,10,True,True,True,False
13,175,0,True,True,False,False
16,107,10,True,False,True,True
16,223,10,True,False,True,False
16,283,10,True,False,True,True
16,385,10,True,False,True,False
17,205,0,True,True,False,False
17,331,10,True,False,False,False
19,26,10,True,False,True,False
19,116,10,True,True,True,True
19,128,10,True,False,True,True
19,139,10,True,False,True,True
19,179,10,True,False,True,True
19,237,8,True,False,True,False
19,241,10,True,False,True,False
19,258,10,True,False,True,True
19,315,10,True,False,True,True
20,32,10,True,False,True,True
20,191,10,True,True,True,False
20,236,10,True,False,True,False
20,271,10,True,True,True,False
20,311,10,True,True,True,True
20,344,10,True,True,True,False
20,354,10,True,False,True,False
21,34,10,True,True,True,False
21,72,10,True,False,True,False
21,108,10,True,True,True,False
21,111,10,True,False,True,False
21,117,10,True,False,True,False
21,129,10,True,True,True,True
21,162,10,True,True,True,False
21,165,10,True,False,True,True
21,178,8,True,False,True,False
21,342,10,True,False,True,False
21,354,10,True,True,True,False
21,377,10,True,False,True,False
25,106,10,True,False,False,False
25,148,0,True,True,False,False
25,262,10,True,True,False,False
25,324,10,True,False,False,False
25,369,10,True,True,False,False
26,128,10,True,False,True,True
26,141,10,True,False,True,False
26,171,10,True,False,True,False
26,196,8,True,True,True,True
26,305,10,True,False,True,True
26,369,10,True,True,True,True
26,382,8,True,False,True,False
27,129,10,True,False,True,False
27,134,10,True,False,True,True
29,65,4,True,False,False,False
29,74,10,True,False,False,False
29,88,10,True,False,False,False
29,89,10,True,False,False,False
29,112,4,True,False,False,False
29,143,0,True,True,False,False
29,165,10,True,False,False,False
29,211,10,True,False,False,False
29,285,10,True,False,False,False
29,304,10,True,False,False,False
29,311,10,True,False,False,False
29,313,10,True,False,False,False
29,371,10,True,True,False,False
32,34,10,True,False,True,True
32,35,10,True,True,True,True
32,49,10,True,True,True,True
32,100,8,True,True,True,True
32,155,10,True,True,True,True
32,161,10,True,False,True,False
32,162,10,True,False,True,True
32,165,10,True,True,True,False
32,285,8,True,True,True,True
32,293,10,True,False,True,True
32,354,8,True,False,True,True
32,371,8,True,False,True,False
34,35,10,True,True,True,True
34,46,8,True,True,True,False
34,49,8,True,True,True,False
34,68,8,True,True,True,False
34,111,10,True,True,True,False
34,128,10,True,True,True,True
34,129,10,True,False,True,True
34,157,8,True,True,True,False
34,162,8,True,False,True,False
34,178,10,True,True,True,False
34,234,8,True,False,True,True
34,271,10,True,True,True,False
34,297,8,True,True,True,False
34,377,10,True,True,True,False
34,386,10,True,True,True,False
35,46,8,True,False,True,True
35,49,10,True,False,True,True
35,76,10,True,True,True,True
35,131,10,True,False,True,True
35,162,10,True,True,True,True
35,183,10,True,True,True,True
35,277,10,True,True,True,True
35,348,8,True,True,True,True
35,364,10,True,False,True,True
36,98,10,True,True,True,True
36,104,10,True,False,True,False
36,113,10,True,False,True,False
36,119,8,True,False,True,True
36,139,10,True,False,True,True
36,141,10,True,False,True,False
36,179,10,True,False,True,True
36,186,10,True,False,True,True
36,211,6,True,False,True,False
36,237,8,True,False,True,False
36,241,8,True,False,True,False
36,263,10,True,False,True,False
36,264,10,True,True,True,True
36,273,10,True,False,True,True
36,285,10,True,False,True,False
36,315,10,True,False,True,True
36,328,8,True,False,True,False
36,330,10,True,False,True,True
36,338,8,True,True,True,True
36,355,10,True,False,True,True
36,385,8,True,False,True,False
37,223,8,True,False,True,False
37,283,10,True,False,True,True
40,234,10,True,False,True,True
40,261,10,True,False,True,True
40,342,10,True,True,True,False
42,104,10,True,False,True,True
42,111,10,True,False,True,True
42,129,6,True,True,True,False
42,289,10,True,False,True,False
42,344,10,True,False,True,True
42,349,10,True,False,True,True
42,353,10,True,False,True,True
42,354,10,True,True,True,True
42,368,10,True,False,True,True
44,135,10,True,True,True,False
44,139,10,True,False,True,True
44,179,10,True,False,True,True
45,167,10,True,True,True,False
46,49,8,True,False,True,False
46,68,4,True,False,True,False
46,75,10,True,True,True,True
46,83,10,True,True,True,False
46,111,10,True,False,True,False
46,128,10,True,False,True,True
46,129,10,True,True,True,True
46,153,10,True,True,True,False
46,156,10,True,False,True,False
46,157,10,True,False,True,False
46,162,10,True,True,True,False
46,165,8,True,False,True,True
46,178,8,True,False,True,False
46,217,10,True,False,True,False
46,234,10,True,True,True,True
46,245,10,True,False,True,False
46,271,10,True,False,True,False
46,297,10,True,False,True,False
46,300,10,True,False,True,False
46,315,10,True,False,True,True
46,348,8,True,True,True,False
46,377,10,True,False,True,False
46,382,8,True,False,True,False
47,171,10,True,False,True,True
47,201,10,True,False,True,True
47,285,10,True,False,True,True
47,352,10,True,False,True,False
48,173,8,True,False,True,True
49,68,10,True,False,True,False
49,69,10,True,False,True,False
49,99,10,True,False,True,False
49,111,10,True,False,True,False
49,156,10,True,False,True,False
49,162,10,True,True,True,False
49,165,10,True,False,True,True
49,171,10,True,False,True,False
49,245,10,True,False,True,False
49,285,8,True,False,True,False
49,348,8,True,True,True,False
50,172,10,True,True,True,False
50,262,10,True,True,True,True
53,98,10,True,True,False,False
53,113,10,True,False,False,False
53,139,10,True,False,False,False
53,167,10,True,True,False,False
53,179,10,True,False,False,False
53,185,10,True,True,False,False
53,199,0,True,True,False,False
53,211,10,True,False,False,False
53,241,10,True,False,False,False
53,263,10,True,False,False,False
53,273,10,True,False,False,False
53,315,10,True,False,False,False
55,83,10,True,True,True,True
55,234,8,True,True,True,False
55,271,10,True,False,True,True
55,297,10,True,False,True,True
55,348,10,True,True,True,True
57,236,10,True,False,True,False
59,134,10,True,False,True,True
60,238,10,True,True,True,False
60,262,10,True,False,True,True
62,99,10,True,True,True,False
62,165,10,True,True,True,True
62,247,8,True,True,True,True
62,384,10,True,False,True,True
65,70,10,True,False,True,False
65,89,10,True,False,True,False
65,112,8,True,False,True,False
65,143,4,True,True,False,False
65,198,10,True,False,False,False
65,246,10,True,True,False,False
65,371,10,True,True,True,True
66,81,10,True,True,True,False
66,117,10,True,False,True,False
66,262,10,True,True,True,True
66,300,10,True,False,True,False
66,342,10,True,False,True,False
66,344,10,True,False,True,False
68,111,10,True,False,True,False
68,129,10,True,True,True,True
68,153,10,True,True,True,False
68,157,8,True,False,True,False
68,162,10,True,True,True,False
68,165,6,True,False,True,True
68,178,10,True,False,True,False
68,217,8,True,False,True,False
68,245,10,True,False,True,False
68,247,10,True,False,True,True
68,297,8,True,False,True,False
68,368,10,True,False,True,False
69,98,10,True,True,True,True
69,104,10,True,False,True,False
69,111,10,True,False,True,False
69,141,10,True,False,True,False
69,171,10,True,False,True,False
69,213,10,True,False,True,False
69,260,10,True,False,True,True
69,285,10,True,False,True,False
69,289,8,True,False,True,True
69,349,10,True,False,True,False
69,382,10,True,False,True,False
69,385,10,True,False,True,False
72,111,10,True,False,True,False
72,129,10,True,True,True,True
73,108,8,True,True,True,False
73,176,10,True,False,True,True
73,229,10,True,False,True,True
74,112,10,True,False,True,True
74,143,10,True,True,False,False
74,155,10,True,False,True,True
74,165,10,True,False,True,True
74,178,10,True,False,True,True
74,223,10,True,False,True,True
74,273,10,True,False,True,False
74,285,10,True,False,True,True
75,116,10,True,False,True,True
75,131,10,True,True,True,True
75,154,10,True,True,True,True
75,162,10,True,False,True,True
75,178,10,True,True,True,True
75,234,8,True,False,True,False
75,247,10,True,True,True,False
75,258,10,True,True,True,False
75,271,10,True,True,True,True
75,348,10,True,False,True,True
75,377,10,True,True,True,True
76,162,10,True,False,True,False
76,217,8,True,True,True,False
81,166,10,True,False,True,False
81,238,10,True,True,True,False
83,117,10,True,True,True,False
83,153,10,True,False,True,False
84,276,10,True,True,True,False
85,264,10,True,True,True,True
86,114,8,True,False,False,False
86,361,0,True,True,False,False
88,89,10,True,False,True,False
88,112,10,True,False,True,False
88,143,10,True,True,False,False
88,181,10,True,False,True,False
88,285,10,True,False,True,False
88,311,10,True,False,True,True
88,313,10,True,False,True,True
89,143,10,True,True,False,False
89,304,10,True,False,True,True
92,98,10,True,True,True,True
92,106,8,True,False,True,True
92,177,10,True,False,True,False
92,191,10,True,False,True,False
92,260,8,True,False,True,True
92,344,10,True,False,True,False
94,145,10,True,False,False,False
94,244,10,True,True,False,False
94,343,10,True,True,True,False
97,165,10,True,False,True,True
98,104,6,True,True,True,True
98,106,10,True,True,True,False
98,139,10,True,True,True,False
98,141,8,True,True,True,True
98,167,10,True,False,True,True
98,171,10,True,True,True,True
98,179,10,True,True,True,False
98,181,8,True,True,True,True
98,191,6,True,True,True,True
98,199,10,True,False,False,False
98,211,6,True,True,True,True
98,213,10,True,True,True,True
98,241,8,True,True,True,True
98,260,10,True,True,True,False
98,266,10,True,True,True,True
98,273,10,True,True,True,True
98,315,10,True,True,True,True
98,344,8,True,True,True,True
98,349,6,True,True,True,True
98,385,8,True,True,True,True
99,111,10,True,False,True,False
99,128,10,True,False,True,True
99,154,10,True,False,True,False
99,238,10,True,False,True,False
99,277,10,True,True,True,False
99,299,10,True,True,True,False
99,348,10,True,True,True,False
100,165,10,True,False,True,True
100,285,8,True,False,True,False
100,312,10,True,False,True,False
100,354,10,True,True,True,False
100,371,10,True,True,True,True
101,315,10,True,False,True,True
101,355,8,True,False,True,True
103,231,0,True,True,False,False
103,308,10,True,False,False,False
104,107,10,True,False,True,True
104,129,10,True,True,True,True
104,141,10,True,False,True,False
104,171,8,True,False,True,False
104,181,6,True,False,True,False
104,191,8,True,False,True,False
104,211,8,True,False,True,False
104,213,10,True,False,True,False
104,235,8,True,False,True,False
104,241,10,True,False,True,False
104,266,6,True,False,True,False
104,289,8,True,False,True,True
104,328,10,True,False,True,False
104,349,6,True,False,True,False
104,385,6,True,False,True,False
105,331,10,True,True,True,False
106,141,10,True,False,True,True
106,148,10,True,True,False,False
106,177,8,True,False,True,True
106,260,10,True,False,True,False
106,324,10,True,False,True,True
107,119,10,True,False,True,False
107,141,10,True,False,True,True
107,171,10,True,False,True,True
107,181,10,True,False,True,True
107,201,10,True,False,True,True
107,223,8,True,False,True,True
107,273,10,True,False,True,True
107,322,10,True,False,True,True
107,385,8,True,False,True,True
108,162,10,True,False,True,False
108,176,10,True,True,True,True
110,326,10,True,True,True,True
111,128,10,True,False,True,True
111,165,8,True,False,True,True
111,178,10,True,False,True,False
111,266,10,True,False,True,False
111,354,8,True,True,True,False
112,143,4,True,True,False,False
112,165,10,True,False,True,True
112,181,8,True,False,True,False
112,211,8,True,False,True,False
112,241,10,True,False,True,False
112,264,10,True,True,True,True
112,273,10,True,False,True,True
112,285,10,True,False,True,False
112,311,8,True,False,True,True
112,344,10,True,False,True,False
112,349,10,True,False,True,False
112,385,10,True,False,True,False
113,155,8,True,False,True,False
113,171,8,True,False,True,False
113,181,10,True,False,True,False
113,186,10,True,False,True,True
113,199,10,True,True,False,False
113,211,10,True,False,True,False
113,237,10,True,False,True,False
113,241,10,True,False,True,False
113,254,10,True,False,True,False
113,263,10,True,False,True,False
113,273,10,True,False,True,True
113,385,10,True,False,True,False
114,361,8,True,True,False,False
115,135,8,True,True,True,False
115,262,10,True,True,True,True
115,315,10,True,False,True,True
115,322,10,True,False,True,False
116,128,6,True,True,True,False
116,258,10,True,True,True,True
116,300,10,True,True,True,True
117,129,10,True,True,True,True
117,153,10,True,True,True,False
117,162,10,True,True,True,False
117,178,10,True,False,True,False
117,315,10,True,False,True,True
117,342,10,True,False,True,False
119,127,10,True,False,True,True
119,144,10,True,False,True,True
119,160,10,True,False,True,True
119,185,10,True,True,True,True
119,186,10,True,False,True,False
119,207,8,True,False,True,True
119,223,10,True,False,True,True
119,255,10,True,True,True,False
119,257,6,True,True,True,True
119,264,8,True,True,True,True
119,280,10,True,False,True,True
119,338,6,True,True,True,False
119,355,8,True,False,True,True
119,385,10,True,False,True,True
122,176,10,True,False,True,True
122,254,10,True,False,True,False
123,242,0,True,True,False,False
123,337,10,True,True,False,False
124,172,10,True,True,True,False
124,262,10,True,True,True,True
127,151,10,True,False,True,False
127,207,10,True,False,True,False
127,257,10,True,True,True,True
127,308,10,True,False,True,True
127,317,10,True,True,True,True
127,338,8,True,True,True,True
128,131,10,True,False,True,True
128,162,10,True,True,True,True
128,165,10,True,False,True,True
128,178,10,True,False,True,True
128,234,10,True,True,True,True
128,258,10,True,False,True,True
128,300,8,True,False,True,True
128,315,10,True,False,True,False
129,162,10,True,False,True,True
129,165,10,True,True,True,True
129,178,10,True,True,True,True
129,181,10,True,True,True,True
129,241,8,True,True,True,True
129,266,10,True,True,True,True
129,271,8,True,True,True,True
129,286,10,True,False,True,False
129,315,10,True,True,True,False
129,344,8,True,True,True,True
129,349,8,True,True,True,True
129,385,10,True,True,True,True
131,238,10,True,False,True,False
131,302,10,True,True,True,False
135,172,10,True,False,True,False
135,262,10,True,False,True,True
139,155,10,True,False,True,True
139,179,0,True,False,True,False
139,182,10,True,False,True,True
139,185,10,True,True,True,True
139,199,10,True,True,False,False
139,211,10,True,False,True,True
139,237,10,True,False,True,True
139,264,10,True,True,True,True
139,285,10,True,False,True,True
139,330,8,True,False,True,False
139,338,10,True,True,True,False
140,272,8,True,False,True,False
141,171,10,True,False,True,False
141,177,10,True,False,True,False
141,211,8,True,False,True,False
141,213,8,True,False,True,False
141,241,10,True,False,True,False
141,263,10,True,False,True,False
141,285,8,True,False,True,False
141,323,10,True,True,True,False
141,349,10,True,False,True,False
141,371,10,True,True,True,True
141,385,10,True,False,True,False
143,165,10,True,True,False,False
143,211,10,True,True,False,False
143,285,10,True,True,False,False
143,304,10,True,True,False,False
143,311,10,True,True,False,False
143,313,10,True,True,False,False
143,371,10,True,False,False,False
144,360,10,True,False,True,False
145,244,0,True,True,False,False
145,343,4,True,True,False,False
147,329,0,True,True,False,False
147,380,0,True,True,False,False
148,262,10,True,False,False,False
148,324,10,True,True,False,False
148,369,10,True,False,False,False
150,192,10,True,True,True,False
150,299,10,True,True,True,False
151,171,10,True,False,True,True
151,182,10,True,False,True,False
151,207,10,True,False,True,False
151,226,10,True,False,True,True
153,315,8,True,True,True,True
153,377,10,True,True,True,False
154,226,8,True,False,True,False
154,259,10,True,False,True,True
154,277,10,True,True,True,False
154,317,8,True,True,True,False
154,348,6,True,True,True,False
154,375,10,True,True,True,False
154,383,10,True,False,True,False
155,162,10,True,True,True,False
155,165,10,True,False,True,True
155,171,10,True,False,True,False
155,179,10,True,False,True,True
155,182,10,True,False,True,True
155,241,10,True,False,True,False
155,285,10,True,False,True,False
155,385,10,True,False,True,False
156,330,10,True,False,True,True
156,348,10,True,True,True,False
156,376,10,True,False,True,True
157,234,8,True,True,True,True
157,247,10,True,False,True,True
157,297,10,True,False,True,False
160,207,10,True,False,True,True
160,338,8,True,True,True,True
160,385,10,True,False,True,False
162,165,8,True,True,True,True
162,176,10,True,True,True,True
162,178,10,True,True,True,False
162,234,10,True,False,True,True
162,285,10,True,True,True,False
162,297,10,True,True,True,False
162,377,10,True,True,True,False
162,386,10,True,True,True,False
164,238,10,True,True,True,False
165,166,10,True,True,True,True
165,178,10,True,False,True,True
165,217,8,True,False,True,True
165,241,10,True,False,True,True
165,245,10,True,False,True,True
165,247,10,True,False,True,False
165,266,10,True,False,True,True
165,285,6,True,False,True,True
165,315,10,True,False,True,True
165,353,10,True,False,True,True
165,354,8,True,True,True,True
165,382,10,True,False,True,True
165,385,10,True,False,True,True
166,193,10,True,True,True,True
166,238,10,True,True,True,False
166,239,10,True,True,True,False
167,191,10,True,True,True,False
167,199,10,True,False,False,False
167,338,10,True,False,True,True
167,344,10,True,True,True,False
171,182,10,True,False,True,True
171,213,10,True,False,True,False
171,226,10,True,False,True,False
171,266,8,True,False,True,False
171,285,10,True,False,True,False
171,349,10,True,False,True,False
171,382,10,True,False,True,False
171,385,8,True,False,True,False
172,178,10,True,True,True,False
172,262,8,True,False,True,True
176,282,10,True,False,True,True
176,311,10,True,False,True,True
176,365,10,True,False,True,True
176,373,10,True,False,True,True
177,322,10,True,False,True,False
178,271,10,True,False,True,False
178,386,10,True,False,True,False
179,182,10,True,False,True,True
179,185,10,True,True,True,True
179,199,10,True,True,False,False
179,211,10,True,False,True,True
179,237,10,True,False,True,True
179,264,10,True,True,True,True
179,285,10,True,False,True,True
179,330,8,True,False,True,False
179,338,10,True,True,True,False
180,292,10,True,False,True,True
181,191,8,True,False,True,False
181,211,8,True,False,True,False
181,241,8,True,False,True,False
181,266,10,True,False,True,False
181,271,10,True,False,True,False
181,273,6,True,False,True,True
181,315,8,True,False,True,True
181,344,10,True,False,True,False
181,349,8,True,False,True,False
181,385,10,True,False,True,False
182,330,8,True,False,True,True
182,385,10,True,False,True,True
183,277,10,True,False,True,False
184,223,10,True,False,True,True
184,263,10,True,False,True,True
185,199,10,True,False,False,False
185,207,10,True,True,True,True
185,248,10,True,True,True,False
185,263,10,True,True,True,False
185,355,10,True,True,True,True
186,259,10,True,False,True,True
186,355,8,True,False,True,True
191,211,8,True,False,True,False
191,241,10,True,False,True,False
191,344,10,True,False,True,False
191,349,8,True,False,True,False
192,279,10,True,False,True,False
193,317,10,True,True,True,True
196,255,8,True,False,True,False
198,204,8,True,False,False,False
198,246,0,True,True,False,False
198,263,10,True,False,False,False
198,371,8,True,True,False,False
199,211,10,True,True,False,False
199,241,10,True,True,False,False
199,263,10,True,True,False,False
199,273,10,True,True,False,False
199,315,10,True,True,False,False
201,235,10,True,False,True,False
201,263,10,True,False,True,False
201,328,10,True,False,True,False
204,246,8,True,True,False,False
205,331,10,True,True,False,False
206,261,10,True,False,True,True
207,257,8,True,True,True,True
207,338,10,True,True,True,True
211,235,10,True,False,True,False
211,237,10,True,False,True,False
211,241,8,True,False,True,False
211,263,8,True,False,True,False
211,264,10,True,True,True,True
211,273,8,True,False,True,True
211,285,10,True,False,True,False
211,313,10,True,False,True,True
211,323,10,True,True,True,False
211,328,10,True,False,True,False
211,344,10,True,False,True,False
211,349,8,True,False,True,False
211,371,10,True,True,True,True
211,385,8,True,False,True,False
213,285,10,True,False,True,False
216,325,10,True,False,True,True
217,239,10,True,False,True,False
217,245,6,True,False,True,False
217,247,10,True,False,True,True
217,338,10,True,True,True,True
217,368,10,True,False,True,False
220,223,10,True,False,True,False
220,226,10,True,False,True,False
221,285,10,True,False,True,True
221,322,10,True,False,True,True
223,226,10,True,False,True,False
223,264,10,True,True,True,True
223,295,10,True,True,True,True
223,385,10,True,False,True,False
226,259,10,True,False,True,True
226,348,10,True,True,True,False
226,382,10,True,False,True,False
231,308,10,True,True,False,False
234,247,10,True,True,True,False
234,258,10,True,True,True,False
234,261,10,True,False,True,False
234,271,8,True,True,True,True
234,297,10,True,True,True,True
234,300,6,True,True,True,True
234,344,10,True,True,True,True
234,377,8,True,True,True,True
234,386,10,True,True,True,True
235,385,10,True,False,True,False
237,241,10,True,False,True,False
237,273,10,True,False,True,True
237,315,10,True,False,True,True
237,355,10,True,False,True,True
238,247,10,True,False,True,True
238,262,10,True,True,True,True
239,245,10,True,False,True,False
240,275,8,True,True,True,True
241,271,8,True,False,True,False
241,273,8,True,False,True,True
241,315,8,True,False,True,True
241,323,10,True,True,True,False
241,331,10,True,True,True,False
241,344,8,True,False,True,False
241,349,8,True,False,True,False
241,385,10,True,False,True,False
242,337,10,True,False,False,False
244,343,4,True,False,False,False
245,247,10,True,False,True,True
246,263,10,True,True,False,False
246,371,8,True,False,False,False
247,297,10,True,False,True,True
248,273,10,True,False,True,True
248,355,10,True,False,True,True
255,257,8,True,False,True,True
255,356,10,True,False,True,True
257,290,10,True,False,True,False
257,338,10,True,False,True,True
257,356,10,True,False,True,False
258,377,10,True,False,True,True
259,348,10,True,True,True,True
260,289,10,True,False,True,True
261,306,10,True,True,True,True
261,344,10,True,True,True,True
262,300,10,True,True,True,True
262,317,10,True,False,True,True
262,326,10,True,False,True,True
262,368,10,True,True,True,True
263,264,10,True,True,True,True
263,273,10,True,False,True,True
263,285,8,True,False,True,False
263,304,10,True,False,True,True
263,328,8,True,False,True,False
263,355,10,True,False,True,True
263,371,10,True,True,True,True
264,274,10,True,True,True,True
264,308,10,True,True,True,True
264,385,10,True,True,True,True
266,285,10,True,False,True,False
266,315,10,True,False,True,True
266,349,8,True,False,True,False
266,382,10,True,False,True,False
266,385,8,True,False,True,False
270,335,10,True,False,True,False
271,273,10,True,False,True,True
271,297,10,True,False,True,False
271,313,10,True,False,True,True
271,315,10,True,False,True,True
271,377,10,True,False,True,False
272,358,10,True,False,True,False
273,315,8,True,False,True,False
273,323,10,True,True,True,True
273,355,10,True,False,True,False
273,385,10,True,False,True,True
274,338,10,True,True,True,True
277,348,6,True,False,True,False
277,364,8,True,True,True,False
280,283,10,True,False,True,True
284,326,8,True,False,True,True
285,304,10,True,False,True,True
285,328,10,True,False,True,False
285,338,10,True,True,True,True
285,348,10,True,True,True,False
285,353,10,True,False,True,False
285,354,10,True,True,True,False
285,371,10,True,True,True,True
285,385,10,True,False,True,False
286,295,10,True,False,True,False
289,349,10,True,False,True,True
295,375,8,True,False,True,True
300,317,10,True,True,True,False
300,381,10,True,False,True,False
304,337,10,True,False,True,True
313,367,10,True,False,True,True
313,371,10,True,True,True,True
320,371,10,True,False,True,True
322,385,10,True,False,True,False
323,344,10,True,True,True,False
323,349,10,True,True,True,False
325,362,10,True,False,True,True
328,385,10,True,False,True,False
329,380,0,True,False,False,False
330,372,10,True,True,True,True
338,385,10,True,True,True,True
344,349,8,True,False,True,False
345,375,10,True,False,True,False
348,364,10,True,True,True,False
348,382,10,True,True,True,False
349,382,10,True,False,True,False
349,385,8,True,False,True,False
352,382,8,True,False,True,True
359,360,10,True,False,True,False
