dataset,tsne1,tsne2
Pang val,0.19422828,8.942568
Pang train,-12.92066,4.551372
Pang train,-0.48357195,-5.5419292
Pang train,-5.97448,7.0573435
Pang train,-6.1838546,-14.506017
Pang train,-5.402628,-10.681243
Pang train,-6.811311,0.17005184
Pang val,11.934866,-11.650005
Pang train,8.317992,-10.158785
Pang train,-1.4770113,-3.4590604
Pang train,-12.323168,2.3920052
Pang train,-5.1066813,-12.7151165
Pang train,-0.6227333,10.790846
Pang train,3.7074804,-11.926738
Pang train,2.9378004,15.058098
Pang train,-3.6378093,-8.058099
Pang val,2.0304909,14.216218
Pang train,-2.0799644,-10.872243
Pang train,-1.4873776,9.16951
Pang train,-10.223417,0.80933523
Pang train,1.7825369,-14.282947
Pang test,10.597443,-3.7800827
Pang test,13.995666,-7.099184
Pang train,2.907792,-6.695746
Pang test,0.16738535,11.957733
Pang train,-6.842055,5.610335
Pang train,-5.1833763,18.225876
Pang train,8.094594,-10.001375
Pang val,1.5403639,7.39157
Pang train,-3.2786274,9.255018
Pang train,-9.867299,12.475573
Pang test,3.01812,11.058099
Pang train,-2.125282,2.0317492
Pang train,-9.182085,9.6427
Pang train,13.618546,-10.063836
Pang train,15.626811,-6.200562
Pang train,-1.875135,21.597645
Pang train,1.7876548,14.773822
Pang test,2.797367,4.5229397
Pang train,14.491829,-10.212395
Pang train,-7.256177,6.990187
Pang train,-3.9904833,-15.250691
Pang train,-3.2788014,7.2852216
Pang test,-1.1712219,0.040670626
Pang train,7.625071,-18.175283
Pang train,1.8495705,2.7002208
Pang train,-9.808174,6.24011
Pang train,9.010502,-5.7760696
Pang val,-3.672395,2.2781868
Pang train,-5.481998,10.572375
Pang val,2.3200686,6.384329
Pang train,2.4329123,15.858581
Pang train,-2.4301667,10.813901
Pang train,-2.7943294,-6.351143
Pang train,-5.2412057,14.932813
Pang train,1.2782495,12.187559
Pang train,14.6393,-3.7415857
Pang train,-4.313571,11.745432
Pang train,9.554961,-11.089517
Pang train,-6.484964,14.770655
Pang train,-4.878141,-7.520382
Pang train,-1.9438927,8.158397
Pang train,-3.808218,16.949411
Pang train,1.52304,6.3212767
Pang train,-3.1346624,2.733842
Pang train,-4.51904,5.13862
Pang val,11.807076,-9.2882185
Pang train,2.057709,-10.41839
Pang train,-10.678789,3.012317
Pang test,-4.6568837,-12.156697
Pang val,1.4357986,5.271196
Pang train,1.5193006,10.356483
Pang train,6.3001733,-20.007242
Pang train,10.218712,-9.742007
Pang train,-0.87416494,-9.839593
Pang train,3.319974,-16.608213
Pang train,0.17701113,13.125629
Pang test,7.5463552,-6.809916
Pang train,4.7742558,0.7871688
Pang train,-6.227151,2.3335502
Pang train,-4.6154428,3.6759381
Pang train,-11.798445,8.426163
Pang train,-1.2717037,-6.874379
Pang train,-11.478974,5.9975643
Pang train,1.2898118,-5.882076
Pang train,-1.038548,-2.4740012
Pang train,-0.93066305,-8.417924
Pang test,-4.837799,8.515933
Pang train,10.28047,-12.0512295
Pang test,9.172477,-13.28531
Pang val,14.031325,-7.4874635
Pang test,-11.442173,-0.95559585
Pang val,-9.017357,-3.2987628
Pang train,-0.19888775,6.6118584
Pang train,-8.535056,-5.65651
Pang val,-2.910346,3.2931886
Pang train,12.127242,-5.4611683
Pang train,-6.6842256,-9.450208
Pang train,-9.841426,12.409461
Pang val,-1.0187705,1.5889496
Pang val,-5.15325,2.402398
Pang train,-1.2216669,-1.824421
Pang test,10.763793,-2.9766116
Pang train,-4.686116,1.1110632
Pang train,-13.076309,2.0309036
Pang train,-3.611601,-9.746915
Pang train,-6.3599243,-3.596576
Pang train,0.8526102,-2.8716
Pang train,-5.8163867,1.4273771
Pang test,4.9122505,14.412088
Pang train,-10.893437,-2.4503028
Pang train,8.09284,-16.276503
Pang val,-4.2641687,-14.572115
Pang train,10.7349205,2.7942948
Pang train,10.229876,2.093364
Pang train,-3.518823,-2.4818373
Pang train,10.102401,10.024463
Pang train,-6.943426,9.524882
Pang train,-3.4753838,12.38823
Pang test,2.0487754,-7.877144
Pang test,4.685167,6.379658
Pang test,-9.657634,-1.4302868
Pang train,-4.831876,19.495901
Pang train,8.433538,9.1748
Pang train,4.2096314,-20.764894
Pang train,0.54759735,15.028516
Pang val,3.832979,11.307041
Pang train,-3.1281214,5.0336213
Pang train,6.2173862,-17.22873
Pang train,8.312851,-17.409489
Pang val,6.888068,-15.393742
Pang val,-11.45943,-10.283495
Pang train,6.2360096,-14.531903
Pang train,-4.4159226,-5.471542
Pang train,10.267817,-12.969659
Pang train,-1.0131385,-5.0336766
Pang train,2.592983,-16.126686
Pang train,7.7788157,-11.926889
Pang train,-2.6967518,-5.837256
Pang test,0.37530312,1.561987
Pang train,7.6414213,7.8977513
Pang train,10.772904,2.8600495
Pang train,-12.288764,4.5874405
Pang train,-5.1947303,-10.919013
Pang train,-14.161275,1.8982705
Pang train,1.2026435,5.0907435
Pang train,-1.3613906,22.186752
Pang train,5.1149287,-3.7898562
Pang train,0.40477648,-4.4561367
Pang val,5.6164503,6.113188
Pang train,2.0967638,10.135764
Pang train,-13.843724,4.048499
Pang train,-3.9936357,12.981597
Pang val,-3.653198,-7.033844
Pang train,1.2248236,11.462921
Pang train,-3.870421,-12.371494
Pang train,12.884111,3.3302171
Pang train,5.1644506,-12.274335
Pang train,1.475777,-16.732086
Pang train,-4.4094367,1.5560325
Pang train,-2.7534595,-12.510887
Pang val,7.591751,-18.141571
Pang train,9.823137,-11.955764
Pang test,-6.0631595,-11.637601
Pang train,-1.1272482,1.7545537
Pang train,-9.062576,-0.4664021
Pang val,-11.459351,-10.283489
Pang val,4.908929,-13.355951
Pang train,-5.4075847,-5.7012687
Pang test,-3.1900544,4.2035465
Pang train,4.6465735,14.813401
Pang test,-8.539226,-11.398621
Pang train,-0.06503594,17.739933
Pang val,-12.47377,-1.5176377
Pang train,-10.004481,3.8486001
Pang train,2.7587607,12.398157
Pang train,10.378109,-9.72307
Pang train,11.209067,-7.92725
Pang train,-5.8171663,-1.649187
Pang train,-6.7557435,14.74277
Pang val,5.316025,8.710473
Pang train,1.1155536,-14.21086
Pang train,14.632307,-3.6257572
Pang val,16.93427,-4.825493
Pang test,11.732011,-2.5901046
Pang train,8.299296,-5.720832
Pang train,-2.1631937,4.23892
Pang test,7.670993,-4.312245
Pang val,16.21449,-6.9583125
Pang train,-3.8656652,-3.115773
Pang train,-4.43906,13.539737
Pang test,-7.4864445,-13.371688
Pang val,11.26749,-5.074997
Pang train,4.044923,-16.754835
Pang train,13.04447,-12.729689
Pang train,-0.33849826,3.4481974
Pang test,-3.1867113,20.464243
Pang train,-7.438668,-8.060181
Pang val,4.534499,-15.754808
Pang train,10.807786,-19.485392
Pang train,3.9197986,-15.244561
Pang train,4.884458,3.888214
Pang train,6.5098953,-16.071087
Pang test,7.926233,0.02341833
Pang train,-5.6531134,-6.394121
Pang test,-8.569859,-0.24985728
Pang train,-7.255427,9.061434
Pang train,-3.6866188,-10.751959
Pang train,-1.5182009,21.71222
Pang train,-4.916696,12.615372
Pang train,-5.14408,6.3559227
Pang test,10.288946,-7.4956617
Pang train,8.840604,-10.939833
Pang test,-8.629479,3.4391181
Pang val,-3.2797668,8.530019
Pang val,-3.2699528,14.715549
Pang train,-1.538322,13.573945
Pang val,2.337812,9.700747
Pang train,-6.4318814,4.146881
Pang train,-7.1492243,13.539544
Pang train,-5.9999943,3.3198729
Pang train,-15.624191,4.9843044
Pang train,6.542715,7.1017365
Pang train,9.886197,10.002588
Pang train,-2.8165755,0.70463073
Pang val,-0.047376994,7.7128234
Pang train,7.6658616,6.1611905
Pang val,2.337319,4.2926726
Pang train,-2.0343862,-8.075069
Pang train,5.6345544,-19.939405
Pang test,-13.046904,11.602985
Pang train,2.0101798,-0.5034475
Pang train,13.226485,-7.6083045
Pang train,5.1268225,-19.983086
Pang train,-11.547572,-4.9970703
Pang val,-13.332551,11.455262
Pang test,-2.1565316,11.747836
Pang train,-3.3248272,5.732355
Pang val,-3.1594205,10.544151
Pang test,-8.122039,4.741084
Pang val,5.1409073,-1.5384998
Pang val,-1.6539661,5.7729897
Pang test,6.411335,12.928048
Pang train,-2.9787261,1.8254336
Pang test,-7.099875,-11.389109
Pang test,12.153952,-2.9411156
Pang train,-5.895302,-2.0967615
Pang train,4.635193,-6.146802
Pang train,3.8359673,-11.939466
Pang train,10.682906,-11.698539
Pang val,8.060784,0.0025874793
Pang train,3.543242,6.321224
Pang train,5.331148,-15.265576
Pang test,-2.284544,-9.636516
Pang train,-3.2654703,-3.9453983
Pang test,4.329918,12.661199
Pang train,-2.8498185,13.561956
Pang train,-1.2869543,12.163002
Pang train,8.070862,-13.893748
Pang train,-2.8631222,20.830654
Pang train,-7.304263,-12.121718
Pang train,13.583918,-8.127056
Pang train,-5.0026884,3.5902014
Pang val,-4.5219016,-8.922405
Pang train,-2.6442356,9.219708
Pang train,-2.4356883,2.0922527
Pang test,-5.5605125,15.422037
Pang train,11.648761,-14.8452215
Pang train,-8.796591,6.9949136
Pang test,-3.210933,-0.09932948
Pang train,-2.6926858,13.891769
Pang train,12.867483,3.341937
Pang test,8.67638,-12.788655
Pang train,-0.8711611,7.0743737
Pang train,3.4214387,-5.748339
Pang test,-2.2537522,15.96236
Pang train,12.074539,-15.419143
Pang train,1.3177565,8.030396
Pang val,14.031494,-9.903553
Pang train,-4.428277,10.002695
Pang train,5.0135713,7.381581
Pang test,-13.378788,6.915241
Pang train,-8.070789,10.458311
Pang val,-4.5188904,19.314825
Pang val,-7.4248953,2.1857114
Pang test,-7.8296022,-1.4925451
Pang train,1.488674,-10.578643
Pang test,-6.8490334,0.8791614
Pang train,6.9816856,9.722079
Pang train,9.737127,-15.091068
Pang train,8.100171,-12.492578
Pang val,-0.2795723,-6.424645
Pang train,-10.1167145,4.538672
Pang test,-13.502399,7.225134
Pang train,-5.641017,16.158228
Pang test,-8.155861,4.282899
Pang train,12.001156,-7.0463347
Pang train,-1.4757658,14.712542
Pang train,8.02503,-5.3449497
Pang val,3.0823042,-14.183
Pang train,-1.4871196,5.8353615
Pang train,-4.0575967,17.92587
Pang train,-8.764677,2.2628682
Pang train,-8.88655,-9.086931
Pang test,-4.353036,-0.22828734
Pang val,3.4011264,-14.679045
Pang val,-7.2619863,11.467356
Pang train,4.1588173,-20.807745
Pang train,-7.167869,6.450627
Pang val,-5.3494606,-13.203814
Pang train,-7.0434775,11.122755
Pang train,-2.0442412,10.199805
Pang train,-8.173925,15.722014
Pang train,11.812518,-12.894316
Pang val,7.882716,0.16592963
Pang test,10.697624,-10.728985
Pang train,-8.044417,-3.6013033
Pang val,-3.188964,-9.053387
Pang train,-0.8842425,10.873082
Pang train,10.374115,-11.353072
Pang train,2.4927132,8.191919
Pang train,-9.85313,0.21568802
Pang train,6.080362,-11.999189
Pang train,-11.722159,3.976028
Pang train,-2.6432023,12.487894
Pang train,10.940766,1.0824316
Pang test,-0.0727534,5.764973
Pang train,-2.4194007,21.188007
Pang train,-8.947395,1.5513251
Pang train,9.345008,1.9635596
Pang train,10.815961,-19.48726
Pang test,-5.3466372,-9.230978
Pang train,2.3196013,1.8395529
Pang train,-2.2642164,11.075369
Pang test,-5.9661994,-0.12979321
Pang train,4.8702326,14.911796
Pang train,-12.293259,0.128904
Pang train,7.1526213,-14.046933
Pang train,0.99820715,-6.3983736
Pang train,-11.121458,2.406048
Pang test,9.538209,-13.872079
Pang test,5.103155,9.968745
Pang train,-10.79453,7.013564
Pang train,-2.1487978,-3.9096055
Pang val,1.4832886,-7.906521
Pang val,-2.2983499,-4.615718
Pang train,-10.689845,8.006369
Pang test,1.7442293,-4.0448165
Pang test,-2.0145237,15.188563
Pang val,-7.2633677,-10.48363
Pang train,2.8960962,-3.2133167
Pang train,-3.0769002,-7.750084
Pang train,15.509922,-5.954312
Pang train,-1.7507566,12.943181
Pang val,-1.1141986,15.884935
Pang train,5.0087895,3.7649431
Pang val,4.170942,-4.7078424
Pang val,15.273179,-9.420554
Pang train,6.0765424,9.530903
Pang train,0.30864748,-7.5164886
Pang train,-8.883581,6.0307255
Pang test,-0.17926125,9.41149
Pang train,-1.8763045,3.0420444
Pang train,-1.094948,4.4833045
